<mujoco>
    <include file="../scene/basic_scene.xml"/>
    <include file="../objects/assets/shelfb_dependencies.xml"/>
    <include file="../objects/assets/block_dependencies.xml"/>
    <include file="../objects/assets/xyz_base_dependencies.xml"/>

    <worldbody>
      <include file="../objects/assets/xyz_base.xml"/>

      <body name="block" pos="0 0.8 0.081">
        <include file="../objects/assets/block_cyl.xml"/>

      </body>


      <body name="shelfb" pos="0. 0.8 0.001">
        <include file="../objects/assets/shelfb.xml"/>

      </body>

        <site name="goal" pos="0 0.6 0.02" size="0.015" rgba="0 0.8 0 1"/>
    </worldbody>

    <actuator>
        <position ctrllimited="true" ctrlrange="-1 1" joint="r_close" kp="400"  user="1"/>
        <position ctrllimited="true" ctrlrange="-1 1" joint="l_close" kp="400"  user="1"/>
    </actuator>
    <equality>
        <weld body1="mocap" body2="hand" solref="0.02 1"></weld>
    </equality>
</mujoco>
