<mujoco>
    <include file="../scene/basic_scene.xml"/>
    <include file="../objects/assets/club_dependencies.xml"/>
    <include file="../objects/assets/xyz_base_dependencies.xml"/>

    <worldbody>
      <include file="../objects/assets/xyz_base.xml"/>

      <body name="club" pos="0 0.7 0.02">
        <freejoint/>
        <include file="../objects/assets/club.xml"/>
      </body>

      <body name="obj" pos="0 0.6 0.03">
        <freejoint/>
        <geom material="club_red" type="sphere" size=".03"/>
        <geom class="club_col" type="sphere" size=".03" mass=".01"/>
      </body>

      <site name="goal" pos="0. 0.95 -0.3" size="0.02"
            rgba="0 0 0.8 1"/>
    </worldbody>

    <actuator>
        <position ctrllimited="true" ctrlrange="-1 1" joint="r_close" kp="400"  user="1"/>
        <position ctrllimited="true" ctrlrange="-1 1" joint="l_close" kp="400"  user="1"/>
    </actuator>
    <equality>
        <weld body1="mocap" body2="hand" solref="0.02 1"></weld>
    </equality>
</mujoco>
