<mujocoinclude>
    <compiler angle="radian" inertiafromgeom="auto" inertiagrouprange="4 5"/>
    <asset>
        <texture name="T_asmbly_met" type="cube" file="../textures/metal1.png"/>

      <material name="asmbly_col" rgba="0.3 0.3 1.0 0.5" shininess="0" specular="0"/>
      <material name="asmbly_green" rgba="0 .5 0 1" shininess="1" reflectance=".7" specular=".5"/>

      <material name="asmbly_metal" rgba=".65 .65 .65 1" texture="T_asmbly_met" shininess="1" reflectance=".7" specular=".5"/>

    </asset>
    <default>

      <default class="asmbly_base">
          <joint armature="0.001" damping="2" limited="true"/>
          <geom conaffinity="0" contype="0" group="1" type="mesh"/>
          <position ctrllimited="true" ctrlrange="0 1.57"/>
          <default class="asmbly_viz">
              <geom condim="4" type="mesh"/>
          </default>
          <default class="asmbly_col">
              <geom conaffinity="1" condim="3" contype="1" group="4" material="asmbly_col" solimp="0.99 0.99 0.01" solref="0.01 1"/>
          </default>
      </default>
    </default>

    <asset>
        <mesh file="../objects/meshes/assembly_peg/assembly_peg_handle.stl" name="assembly_peg_handle" scale="1 1 1" />
        <mesh file="../objects/meshes/assembly_peg/assembly_peg_ring.stl" name="assembly_peg_ring" scale="1 1 1" />
        <mesh file="../objects/meshes/assembly_peg/assembly_peg_rod.stl" name="assembly_peg_rod" scale="1 1 1" />
    </asset>

</mujocoinclude>
