<mujocoinclude>
    <compiler angle="radian" inertiafromgeom="auto" inertiagrouprange="4 5"/>
    <asset>

      <material name="drawer_col" rgba="0.3 0.3 1.0 0.5" shininess="0" specular="0"/>
      <material name="drawer_red" rgba="0.19 0.38 0.2 1" shininess="1" reflectance=".7" specular=".5"/>
      <material name="drawer_white" rgba=".75 .75 .75 1" shininess="1" reflectance=".7" specular=".5"/>
      <material name="drawer_beige" rgba=".4 .65 .4 1" shininess="1" reflectance="1" specular=".5"/>

    </asset>
    <default>

      <default class="drawer_base">
          <joint armature="0.001" damping="2" limited="true"/>
          <geom conaffinity="0" contype="0" group="1" type="mesh"/>
          <position ctrllimited="true" ctrlrange="0 1.57"/>
          <default class="drawer_viz">
              <geom condim="4" type="mesh"/>
          </default>
          <default class="drawer_col">
              <geom conaffinity="1" condim="3" contype="1" group="4" material="drawer_col" solimp="0.99 0.99 0.01" solref="0.01 1"/>
          </default>
      </default>
    </default>

    <asset>
        <mesh file="../objects/meshes/drawer/drawer.stl" name="drawer"/>
        <mesh file="../objects/meshes/drawer/drawercase.stl" name="drawercase"/>
        <mesh file="../objects/meshes/drawer/drawerhandle.stl" name="drawerhandle"/>
    </asset>

</mujocoinclude>
