<mujocoinclude>
    <compiler angle="radian" inertiafromgeom="auto" inertiagrouprange="4 5"/>
    <asset>
      <texture name="T_fauc_met" type="cube" file="../textures/metal2.png"/>

      <material name="faucet_col" rgba="0.3 0.3 1.0 0.5" shininess="0" specular="0"/>
      <material name="faucet_white" rgba=".75 .75 .75 1" shininess="1" reflectance=".7" specular=".5"/>
      <material name="faucet_red" rgba=".5 .1 .1 1" shininess="1" reflectance=".7" specular=".5"/>

      <material name="faucet_metal" rgba=".7 .7 .7 1" texture="T_fauc_met" shininess="1" reflectance="1" specular=".5"/>

    </asset>
    <default>

      <default class="faucet_base">
          <joint armature="0.001" damping="2" limited="true"/>
          <geom conaffinity="0" contype="0" group="1" type="mesh"/>
          <position ctrllimited="true" ctrlrange="0 1.57"/>
          <default class="faucet_viz">
              <geom condim="4" type="mesh"/>
          </default>
          <default class="faucet_col">
              <geom conaffinity="1" condim="3" contype="1" group="4" material="faucet_col" solimp="0.99 0.99 0.01" solref="0.01 1"/>
          </default>
      </default>
    </default>

    <asset>
        <mesh file="../objects/meshes/faucet/faucetbase.stl" name="faucetbase"/>
        <mesh file="../objects/meshes/faucet/faucethandle1.stl" name="faucethandle1"/>
        <mesh file="../objects/meshes/faucet/faucethead.stl" name="faucethead"/>
    </asset>

</mujocoinclude>
