<mujocoinclude>
    <compiler angle="radian" inertiafromgeom="auto" inertiagrouprange="4 5"/>
    <asset>
      <texture name="T_hmr_met" type="cube" file="../textures/metal1.png"/>
      <texture name="T_hmr_wood" type="cube" file="../textures/wood1.png"/>

      <material name="hmr_col" rgba="0.3 0.3 1.0 0.5" shininess="0" specular="0"/>
      <material name="hmr_red" rgba=".65 0 0 1" shininess="1" reflectance=".7" specular=".5"/>
      <material name="hmr_metal" texture="T_hmr_met" rgba=".65 .65 .65 1" shininess="1" reflectance=".7" specular=".5"/>
      <material name="hmr_wood" texture="T_hmr_wood" shininess="1" reflectance=".7" specular=".5"/>

    </asset>
    <default>

      <default class="hmr_base">
          <joint armature="0.001" damping="2" limited="true"/>
          <geom conaffinity="0" contype="0" group="1" type="mesh"/>
          <position ctrllimited="true" ctrlrange="0 1.57"/>
          <default class="hmr_viz">
              <geom condim="4" type="mesh"/>
          </default>
          <default class="hmr_col">
              <geom conaffinity="1" condim="3" contype="1" group="4" material="hmr_col" solimp="0.99 0.99 0.01" solref="0.01 1"/>
          </default>
      </default>
    </default>

    <asset>
        <mesh file="../objects/meshes/hammer/hammerblock.stl" name="hammerblock"/>
        <mesh file="../objects/meshes/hammer/nail.stl" name="nail"/>
        <mesh file="../objects/meshes/hammer/hammerhandle.stl" name="hammerhandle"/>

    </asset>

</mujocoinclude>
